Oliver,
Charlotte,
Quinn,
Theodore,
Aurora,
Rowan,
Declan,
Violet,
Logan,
Finn,
Fynn,
Luna,
Sage,
Liam,
Amelia,
Emilia,
Asher,
Silas,
Hazel,
Ezra,
Henry,
Ava,
River,
Jasper,
Aria,
Arya,
Kai,
Ethan,
Freya,
Freja,
Willow,
Aidan,
Aiden,
Scarlett,
Harper,
Asher,
Ivy,
Luca,
Owen,
Olivia,
Alivia,
Avery,
Leo,
Adelaide,
Charlie,
Alexander,
Isla,
Aspen,
Felix,
Audrey,
Artemis,
Levi,
Wren,
Echo,
Gabriel,
Nora,
Norah,
Eden,
Elijah,
Maeve,
Orion,
Caleb,
Lily,
Lilly,
Riley,
Sebastian,
Ophelia,
Noah,
Grayson,
Greyson,
Iris,
Darcy,
Milo,
Eleanor,
Jude,
Noah,
Abigail,
Addison,
August,
Genevieve,
Nova,
Archer,
Eloise,
Morgan,
Everett,
Penelope,
James,
Emmett,
Adeline,
Aubrey,
Benjamin,
Evangeline,
Everly,
Atticus,
Grace,
Hunter,
Lucas,
Lukas,
Chloe,
Indigo,
William,
Sophia,
Sofia,
Rory,
Jack,
Evelyn,
Raven,
Arthur,
Elizabeth,
Bennett,
Isaac,
Rose,
Aero,
Miles,
Myles,
Emma,
Bailey,
Jackson,
Jaxon,
Astrid,
Rain,
Landon,
Lydia,
Lidia,
Blake,
Theo,
Athena,
Finley,
Elliot,
Elliott,
Cora,
Skylar,
Ronan,
Ella,
Beckett,
James,
Anastasia,
Briar,
Elias,
Juniper,
Emerson,
Atlas,
Clara,
Elliot,
Alastair,
Alistair,
Naomi,
Blair,
Connor,
Conor,
Ruby,
Piper,
Arlo,
Margot,
Margo,
Carter,
Samuel,
Claire,
Clare,
Ryan,
Axel,
Aurelia,
Harlow,
Nolan,
Esme,
Julian,
Wyatt,
Stella,
Hayden,
Aaron,
Mila,
Sawyer,
Lucien,
Kaia,
Kaya,
Ember,
Thomas,
Alice,
Kieran,
Callum,
Lorelei,
Poppy,
Dominic,
Phoebe,
Oakley,
Xander,
Zander,
Rosalie,
Hadley,
Eli,
Lucy,
Ash,
Hudson,
Hannah,
Hanna,
Flynn,
Cole,
Daphne,
Dylan,
Kaden,
Delilah,
Robin,
Damian,
Damien,
Maya,
Maia,
Adalia,
Tobias,
Arabella,
Lux,
Andrew,
Autumn,
Jordan,
Rhys,
Sadie,
Shiloh,
Ace,
Eliana,
Cameron,
Soren,
Vivienne,
Zephyr,
Lincoln,
Gemma,
Jemma,
Lennox,
Jacob,
Josephine,
Remy,
Vincent,
Mabel,
Ari,
Ezra,
Mia,
Ellis,
Gavin,
Dahlia,
Fallon,
Gideon,
Matilda,
Skye,
Oscar,
Zoe,
Parker,
Nathaniel,
Celeste,
Phoenix,
Beau,
Daisy,
Cadence,
Adrian,
Adrien,
Isabella,
Arya,
Simon,
Eliza,
Bellamy,
Evander,
Beatrix,
Amethyst,
Jonah,
Eva,
Avalon,
Michael,
Emily,
Reese,
Keiran,
Clementine,
Callan,
Matthew,
Elena,
Dorian,
Zachary,
Aaralyn,
Wesley,
Harrison,
Vera,
Lennon,
Luke,
Odette,
Bodhi,
Luca,
Luka,
Sophie,
Alex,
Dante,
Thea,
Reagan,
Max,
Willow,
Carson,
Ian,
Sienna,
Austin,
Forrest,
Jane,
Jesse,
Adam,
Elodie,
Evan,
Nathan,
Cordelia,
Dakota,
Graham,
Aaliyah,
Ashton,
Wesley,
Lilith,
Caelan,
Lachlan,
Saoirse,
Caden,
Roman,
Ada,
Salem,
David,
Florence,
Spencer,
Joshua,
Vivian,
Ariel,
Malachi,
Olive,
Arden,
Hugo,
Imogen,
Sasha,
